{
  "dataStates": {
    "apkState": "Selected",
    "dataState": "Selected",
    "mediaState": "Selected",
    "obbState": "Selected",
    "permissionState": "Selected",
    "ssaidState": "Selected",
    "userDeState": "Selected",
    "userState": "Selected"
  },
  "dataStats": {
    "apkBytes": 10385946,
    "dataBytes": 0,
    "mediaBytes": 0,
    "obbBytes": 0,
    "userBytes": 4917619,
    "userDeBytes": 197148
  },
  "displayStats": {
    "apkBytes": 3173508,
    "dataBytes": 0,
    "mediaBytes": 0,
    "obbBytes": 0,
    "userBytes": 29420,
    "userDeBytes": 105
  },
  "extraInfo": {
    "activated": false,
    "blocked": false,
    "enabled": true,
    "firstUpdated": true,
    "hasKeystore": false,
    "permissions": [
      {
        "isGranted": false,
        "mode": 0,
        "name": "android.permission.SYSTEM_ALERT_WINDOW",
        "op": 24
      },
      {
        "isGranted": false,
        "mode": 1,
        "name": "android.permission.POST_NOTIFICATIONS",
        "op": 11
      }
    ],
    "ssaid": "28d4b1075f8692cf",
    "uid": 10058
  },
  "id": 90,
  "indexInfo": {
    "backupDir": "/data/media/0/DataBackup",
    "cloud": "",
    "compressionType": "ZSTD",
    "opType": "RESTORE",
    "packageName": "com.dogusumit.softkeys2",
    "preserveId": 0,
    "userId": 0
  },
  "packageInfo": {
    "firstInstallTime": 1734606752748,
    "flags": 818429508,
    "label": "Soft Keys 2 - Home Back Button",
    "versionCode": 2,
    "versionName": "2.0"
  },
  "storageStats": {
    "appBytes": 10410496,
    "cacheBytes": 655360,
    "dataBytes": 9322496,
    "externalCacheBytes": 0
  }
}